benchmark,model,baseline,is_rate,delta_pp,ci_low_pp,ci_high_pp,p_mcnemar,n_paired
truthfulqa,Llama 8B,direct,94.44444444444444,13.88888888888889,2.7777777777777777,25.0,0.0625,36
truthfulqa,Llama 8B,self_refine,94.44444444444444,33.33333333333333,19.444444444444446,50.0,0.00048828125,36
truthfulqa,Llama 8B,reflexion,94.44444444444444,0.0,0.0,0.0,1.0,36
truthfulqa,Llama 8B,full_regen,94.44444444444444,8.333333333333332,0.0,19.444444444444446,0.25,36
truthfulqa,Llama 8B,react,94.44444444444444,22.22222222222222,8.333333333333332,36.11111111111111,0.0078125,36
truthfulqa,Llama 8B,selfcheckgpt,94.44444444444444,2.7777777777777777,0.0,8.333333333333332,1.0,36
truthfulqa,Llama 8B,tot,94.44444444444444,16.666666666666664,5.555555555555555,30.555555555555557,0.03125,36
truthfulqa,Llama 70B,direct,91.66666666666666,8.333333333333332,0.0,19.444444444444446,0.25,36
truthfulqa,Llama 70B,self_refine,91.66666666666666,30.555555555555557,16.666666666666664,47.22222222222222,0.0009765625,36
truthfulqa,Llama 70B,reflexion,91.66666666666666,0.0,-8.333333333333332,8.333333333333332,1.0,36
truthfulqa,Llama 70B,full_regen,91.66666666666666,11.11111111111111,2.7777777777777777,22.22222222222222,0.125,36
truthfulqa,Llama 70B,react,91.66666666666666,16.666666666666664,5.555555555555555,30.555555555555557,0.03125,36
truthfulqa,Llama 70B,selfcheckgpt,91.66666666666666,8.333333333333332,0.0,19.444444444444446,0.25,36
truthfulqa,Llama 70B,tot,91.66666666666666,11.11111111111111,0.0,25.0,0.21875,36
truthfulqa,Mistral 12B,direct,86.11111111111111,22.22222222222222,8.333333333333332,36.11111111111111,0.0078125,36
truthfulqa,Mistral 12B,self_refine,86.11111111111111,25.0,8.333333333333332,41.66666666666667,0.01171875,36
truthfulqa,Mistral 12B,reflexion,86.11111111111111,5.555555555555555,-5.555555555555555,16.666666666666664,0.625,36
truthfulqa,Mistral 12B,full_regen,86.11111111111111,16.666666666666664,2.7777777777777777,30.555555555555557,0.0703125,36
truthfulqa,Mistral 12B,react,86.11111111111111,22.22222222222222,8.333333333333332,38.88888888888889,0.021484375,36
truthfulqa,Mistral 12B,selfcheckgpt,86.11111111111111,12.121212121212121,0.0,27.27272727272727,0.21875,33
truthfulqa,Mistral 12B,tot,86.11111111111111,30.434782608695656,13.043478260869565,47.82608695652174,0.015625,23
truthfulqa,Qwen 7B,direct,77.77777777777779,13.88888888888889,2.7777777777777777,25.0,0.0625,36
truthfulqa,Qwen 7B,self_refine,77.77777777777779,41.66666666666667,25.0,58.333333333333336,0.000274658203125,36
truthfulqa,Qwen 7B,reflexion,77.77777777777779,8.333333333333332,-2.7777777777777777,19.444444444444446,0.375,36
truthfulqa,Qwen 7B,full_regen,77.77777777777779,19.444444444444446,8.333333333333332,33.33333333333333,0.015625,36
truthfulqa,Qwen 7B,react,77.77777777777779,25.0,11.11111111111111,38.88888888888889,0.00390625,36
truthfulqa,Qwen 7B,selfcheckgpt,77.77777777777779,11.11111111111111,2.7777777777777777,22.22222222222222,0.125,36
truthfulqa,Qwen 7B,tot,77.77777777777779,33.33333333333333,0.0,66.66666666666666,0.25,9
twowiki,Llama 8B,direct,93.33333333333333,6.666666666666667,1.6666666666666667,13.333333333333334,0.125,60
twowiki,Llama 8B,self_refine,93.33333333333333,16.666666666666664,8.333333333333332,26.666666666666668,0.001953125,60
twowiki,Llama 8B,reflexion,93.33333333333333,0.0,-5.0,5.0,1.0,60
twowiki,Llama 8B,full_regen,93.33333333333333,15.0,5.0,25.0,0.01171875,60
twowiki,Llama 8B,react,93.33333333333333,16.666666666666664,6.666666666666667,26.666666666666668,0.00634765625,60
twowiki,Llama 8B,selfcheckgpt,93.33333333333333,26.666666666666668,16.666666666666664,38.333333333333336,3.0517578125e-05,60
twowiki,Llama 8B,tot,93.33333333333333,13.333333333333334,3.3333333333333335,23.333333333333332,0.021484375,60
twowiki,Llama 70B,direct,96.66666666666667,0.0,0.0,0.0,1.0,60
twowiki,Llama 70B,self_refine,96.66666666666667,5.0,0.0,11.666666666666666,0.25,60
twowiki,Llama 70B,reflexion,96.66666666666667,0.0,0.0,0.0,1.0,60
twowiki,Llama 70B,full_regen,96.66666666666667,1.6666666666666667,-3.3333333333333335,8.333333333333332,1.0,60
twowiki,Llama 70B,react,96.66666666666667,1.6666666666666667,0.0,5.0,1.0,60
twowiki,Llama 70B,selfcheckgpt,96.66666666666667,3.3333333333333335,0.0,8.333333333333332,0.5,60
twowiki,Llama 70B,tot,96.66666666666667,6.666666666666667,1.6666666666666667,13.333333333333334,0.125,60
twowiki,Mistral 12B,direct,96.66666666666667,5.0,0.0,11.666666666666666,0.25,60
twowiki,Mistral 12B,self_refine,96.66666666666667,10.0,3.3333333333333335,18.333333333333332,0.03125,60
twowiki,Mistral 12B,reflexion,96.66666666666667,1.6666666666666667,-3.3333333333333335,8.333333333333332,1.0,60
twowiki,Mistral 12B,full_regen,96.66666666666667,6.666666666666667,1.6666666666666667,13.333333333333334,0.125,60
twowiki,Mistral 12B,react,96.66666666666667,10.0,1.6666666666666667,20.0,0.0703125,60
twowiki,Mistral 12B,selfcheckgpt,96.66666666666667,6.779661016949152,1.694915254237288,13.559322033898304,0.125,59
twowiki,Mistral 12B,tot,96.66666666666667,3.9215686274509802,-3.9215686274509802,11.76470588235294,0.625,51
twowiki,Qwen 7B,direct,94.91525423728814,13.559322033898304,3.389830508474576,23.728813559322035,0.021484375,59
twowiki,Qwen 7B,self_refine,94.91525423728814,15.254237288135593,5.084745762711865,25.423728813559322,0.01171875,59
twowiki,Qwen 7B,reflexion,94.91525423728814,3.389830508474576,-3.389830508474576,10.16949152542373,0.625,59
twowiki,Qwen 7B,full_regen,94.91525423728814,10.16949152542373,3.389830508474576,18.64406779661017,0.03125,59
twowiki,Qwen 7B,react,94.91525423728814,16.94915254237288,8.47457627118644,27.11864406779661,0.001953125,59
twowiki,Qwen 7B,selfcheckgpt,94.91525423728814,10.16949152542373,1.694915254237288,20.33898305084746,0.0703125,59
twowiki,Qwen 7B,tot,94.91525423728814,0.0,-27.27272727272727,27.27272727272727,1.0,11
longmem,Llama 8B,direct,78.33333333333333,15.0,6.666666666666667,25.0,0.00390625,60
longmem,Llama 8B,self_refine,78.33333333333333,26.666666666666668,15.0,38.333333333333336,0.00014495849609375,60
longmem,Llama 8B,reflexion,78.33333333333333,1.6666666666666667,-6.666666666666667,10.0,1.0,60
longmem,Llama 8B,full_regen,78.33333333333333,15.0,5.0,25.0,0.01171875,60
longmem,Llama 8B,react,78.33333333333333,16.666666666666664,6.666666666666667,26.666666666666668,0.00634765625,60
longmem,Llama 8B,selfcheckgpt,78.33333333333333,28.333333333333332,16.666666666666664,40.0,7.62939453125e-05,60
longmem,Llama 8B,tot,78.33333333333333,23.333333333333332,11.666666666666666,35.0,0.000518798828125,60
longmem,Llama 70B,direct,68.33333333333333,25.0,15.0,36.666666666666664,6.103515625e-05,60
longmem,Llama 70B,self_refine,68.33333333333333,20.0,10.0,31.666666666666664,0.0018310546875,60
longmem,Llama 70B,reflexion,68.33333333333333,-1.6666666666666667,-11.666666666666666,8.333333333333332,1.0,60
longmem,Llama 70B,full_regen,68.33333333333333,23.333333333333332,13.333333333333334,35.0,0.0001220703125,60
longmem,Llama 70B,react,68.33333333333333,28.333333333333332,16.666666666666664,40.0,1.52587890625e-05,60
longmem,Llama 70B,selfcheckgpt,68.33333333333333,35.0,23.333333333333332,46.666666666666664,9.5367431640625e-07,60
longmem,Llama 70B,tot,68.33333333333333,38.333333333333336,26.666666666666668,50.0,2.384185791015625e-07,60
longmem,Mistral 12B,direct,73.33333333333333,18.333333333333332,8.333333333333332,28.333333333333332,0.0009765625,60
longmem,Mistral 12B,self_refine,73.33333333333333,23.333333333333332,13.333333333333334,35.0,0.0001220703125,60
longmem,Mistral 12B,reflexion,73.33333333333333,0.0,-10.0,10.0,1.0,60
longmem,Mistral 12B,full_regen,73.33333333333333,15.0,3.3333333333333335,26.666666666666668,0.0224609375,60
longmem,Mistral 12B,react,73.33333333333333,15.0,5.0,25.0,0.01171875,60
longmem,Mistral 12B,selfcheckgpt,73.33333333333333,20.0,10.0,31.666666666666664,0.0018310546875,60
longmem,Mistral 12B,tot,73.33333333333333,5.660377358490567,-1.8867924528301887,15.09433962264151,0.375,53
longmem,Qwen 7B,direct,76.66666666666667,6.666666666666667,1.6666666666666667,13.333333333333334,0.125,60
longmem,Qwen 7B,self_refine,76.66666666666667,10.0,1.6666666666666667,18.333333333333332,0.0703125,60
longmem,Qwen 7B,reflexion,76.66666666666667,0.0,-6.666666666666667,6.666666666666667,1.0,60
longmem,Qwen 7B,full_regen,76.66666666666667,10.0,3.3333333333333335,18.333333333333332,0.03125,60
longmem,Qwen 7B,react,76.66666666666667,13.333333333333334,5.0,21.666666666666668,0.0078125,60
longmem,Qwen 7B,selfcheckgpt,76.66666666666667,1.6666666666666667,-3.3333333333333335,8.333333333333332,1.0,60
musique,Llama 8B,direct,91.66666666666666,15.0,6.666666666666667,25.0,0.00390625,60
musique,Llama 8B,self_refine,91.66666666666666,25.0,15.0,36.666666666666664,6.103515625e-05,60
musique,Llama 8B,reflexion,91.66666666666666,1.6666666666666667,-3.3333333333333335,8.333333333333332,1.0,60
musique,Llama 8B,full_regen,91.66666666666666,15.0,5.0,25.0,0.01171875,60
musique,Llama 8B,react,91.66666666666666,25.0,15.0,36.666666666666664,6.103515625e-05,60
musique,Llama 8B,selfcheckgpt,91.66666666666666,40.0,28.333333333333332,51.66666666666667,1.1920928955078125e-07,60
musique,Llama 8B,tot,91.66666666666666,20.0,10.0,30.0,0.00048828125,60
musique,Llama 70B,direct,96.66666666666667,13.333333333333334,5.0,23.333333333333332,0.0078125,60
musique,Llama 70B,self_refine,96.66666666666667,18.333333333333332,10.0,28.333333333333332,0.0009765625,60
musique,Llama 70B,reflexion,96.66666666666667,0.0,-5.0,5.0,1.0,60
musique,Llama 70B,full_regen,96.66666666666667,15.0,6.666666666666667,25.0,0.00390625,60
musique,Llama 70B,react,96.66666666666667,15.0,6.666666666666667,25.0,0.00390625,60
musique,Llama 70B,selfcheckgpt,96.66666666666667,26.666666666666668,16.625000000000366,38.333333333333336,3.0517578125e-05,60
musique,Llama 70B,tot,96.66666666666667,41.66666666666667,30.0,55.00000000000001,5.960464477539063e-08,60
musique,Mistral 12B,direct,91.66666666666666,20.0,10.0,30.0,0.00048828125,60
musique,Mistral 12B,self_refine,91.66666666666666,30.0,18.333333333333332,41.66666666666667,7.62939453125e-06,60
musique,Mistral 12B,reflexion,91.66666666666666,6.666666666666667,0.0,15.0,0.21875,60
musique,Mistral 12B,full_regen,91.66666666666666,20.0,8.333333333333332,31.666666666666664,0.0018310546875,60
musique,Mistral 12B,react,91.66666666666666,23.333333333333332,13.333333333333334,35.0,0.0001220703125,60
musique,Mistral 12B,selfcheckgpt,91.66666666666666,16.666666666666664,6.666666666666667,26.666666666666668,0.00634765625,60
musique,Mistral 12B,tot,91.66666666666666,21.568627450980394,7.8431372549019605,35.294117647058826,0.00738525390625,51
musique,Qwen 7B,direct,85.0,5.0,0.0,11.666666666666666,0.25,60
musique,Qwen 7B,self_refine,85.0,21.666666666666668,10.0,33.33333333333333,0.002349853515625,60
musique,Qwen 7B,reflexion,85.0,1.6666666666666667,-3.3333333333333335,6.666666666666667,1.0,60
musique,Qwen 7B,full_regen,85.0,5.0,-5.0,15.0,0.5078125,60
musique,Qwen 7B,react,85.0,20.0,10.0,30.0,0.00048828125,60
musique,Qwen 7B,selfcheckgpt,85.0,10.0,-1.6666666666666667,21.666666666666668,0.14599609375,60
musique,Qwen 7B,tot,85.0,4.545454545454546,-13.636363636363635,22.727272727272727,1.0,22
