cell,IS_success,vs_direct,vs_self_refine,vs_reflexion,vs_full_regen,vs_direct_delta,vs_direct_mcnemar_p,direct_success,vs_direct_n,vs_self_refine_delta,vs_self_refine_mcnemar_p,self_refine_success,vs_self_refine_n,vs_reflexion_delta,vs_reflexion_mcnemar_p,reflexion_success,vs_reflexion_n,vs_full_regen_delta,vs_full_regen_mcnemar_p,full_regen_success,vs_full_regen_n
ablation_mistral7b,0.9,,,,,,,,,,,,,,,,,,,,
pfqa_deepseek,0.8833333333333333,,,,,0.1333333333333333,0.0078125,0.75,60.0,0.44999999999999996,1.4901161193847656e-08,0.43333333333333335,60.0,0.016666666666666607,1.0,0.8666666666666667,60.0,0.15000000000000002,0.01171875,0.7333333333333333,60.0
pfqa_deepseek_v31,0.8166666666666667,,,,,0.06666666666666665,0.125,0.75,60.0,0.4333333333333333,2.9802322387695312e-08,0.38333333333333336,60.0,0.0,1.0,0.8166666666666667,60.0,0.016666666666666607,1.0,0.8,60.0
pfqa_gemini_flash,0.6,,,,,0.14999999999999997,0.00390625,0.45,60.0,0.1833333333333333,0.0009765625,0.4166666666666667,60.0,-0.1333333333333333,0.057373046875,0.7333333333333333,60.0,0.16666666666666663,0.00634765625,0.43333333333333335,60.0
pfqa_gptoss20b,0.6,,,,,0.09999999999999998,0.03125,0.5,60.0,0.14999999999999997,0.00390625,0.45,60.0,-0.3666666666666667,4.76837158203125e-07,0.9666666666666667,60.0,0.14999999999999997,0.00390625,0.45,60.0
pfqa_llama,0.9833333333333333,,,,,0.016666666666666607,1.0,0.9666666666666667,60.0,0.5666666666666667,1.1641532182693481e-10,0.4166666666666667,60.0,0.0,1.0,0.9833333333333333,60.0,0.033333333333333326,0.5,0.95,60.0
pfqa_llama3_8b,0.9,,,,,0.050000000000000044,0.25,0.85,60.0,0.5833333333333334,5.529727786779404e-10,0.31666666666666665,60.0,-0.016666666666666607,1.0,0.9166666666666666,60.0,0.06666666666666665,0.21875,0.8333333333333334,60.0
pfqa_mistral7b,0.9,,,,,0.16666666666666674,0.001953125,0.7333333333333333,60.0,0.6000000000000001,2.9103830456733704e-11,0.3,60.0,0.1333333333333333,0.021484375,0.7666666666666667,60.0,0.15000000000000002,0.0224609375,0.75,60.0
pfqa_qwen7b,0.75,,,,,0.19999999999999996,0.00048828125,0.55,60.0,0.38333333333333336,2.384185791015625e-07,0.36666666666666664,60.0,0.16666666666666663,0.001953125,0.5833333333333334,60.0,0.3,0.0002771615982055664,0.45,60.0
taubench_deepseek,1.0,,,,,0.0,1.0,1.0,60.0,0.01666666666666672,1.0,0.9833333333333333,60.0,0.0,1.0,1.0,60.0,0.0,1.0,1.0,60.0
taubench_deepseek_v31,1.0,,,,,0.0,1.0,1.0,60.0,0.08333333333333337,0.0625,0.9166666666666666,60.0,0.0,1.0,1.0,60.0,0.0,1.0,1.0,60.0
taubench_gemini_flash,1.0,,,,,0.0,1.0,1.0,60.0,0.0,1.0,1.0,60.0,0.0,1.0,1.0,60.0,0.0,1.0,1.0,60.0
taubench_gptoss20b,1.0,,,,,0.0,1.0,1.0,60.0,0.01666666666666672,1.0,0.9833333333333333,60.0,0.0,1.0,1.0,60.0,0.01666666666666672,1.0,0.9833333333333333,60.0
taubench_llama,1.0,,,,,0.0,1.0,1.0,60.0,0.0,1.0,1.0,60.0,0.0,1.0,1.0,60.0,0.0,1.0,1.0,60.0
taubench_llama3_8b,0.6333333333333333,,,,,0.033333333333333326,0.625,0.6,60.0,0.09999999999999998,0.36159460805356514,0.5333333333333333,60.0,-0.30000000000000004,4.00543212890625e-05,0.9333333333333333,60.0,0.04999999999999993,0.6636238098144531,0.5833333333333334,60.0
taubench_mistral7b,0.7166666666666667,,,,,0.033333333333333326,0.5,0.6833333333333333,60.0,0.09999999999999998,0.36159460805356514,0.6166666666666667,60.0,-0.23333333333333328,0.0001220703125,0.95,60.0,0.08333333333333337,0.359283447265625,0.6333333333333333,60.0
taubench_qwen7b,0.9333333333333333,,,,,0.15000000000000002,0.00390625,0.7833333333333333,60.0,0.30000000000000004,0.0002771615982055664,0.6333333333333333,60.0,-0.033333333333333326,0.6875,0.9666666666666667,60.0,0.18333333333333335,0.00341796875,0.75,60.0
travel_deepseek,0.85,,,,,0.1333333333333333,0.0078125,0.7166666666666667,60.0,0.3754237288135593,2.9802322387695312e-06,0.4745762711864407,59.0,0.1166666666666667,0.0390625,0.7333333333333333,60.0,0.2666666666666666,0.002493917942047119,0.5833333333333334,60.0
travel_deepseek_v31,0.8,,,,,0.18333333333333335,0.00738525390625,0.6166666666666667,60.0,0.33333333333333337,3.5881996154785156e-05,0.4666666666666667,60.0,0.15000000000000002,0.0224609375,0.65,60.0,0.30000000000000004,0.0005335211753845215,0.5,60.0
travel_gemini_flash,0.9166666666666666,,,,,0.016666666666666607,1.0,0.9,60.0,0.0,1.0,0.9166666666666666,60.0,-0.08333333333333337,0.0625,1.0,60.0,-0.01666666666666672,1.0,0.9333333333333333,60.0
travel_gptoss20b,0.9661016949152542,,,,,0.03389830508474578,0.5,0.9322033898305084,59.0,0.023794002607561926,1.0,0.9423076923076923,52.0,0.0,1.0,0.9661016949152542,59.0,0.0847457627118644,0.1796875,0.8813559322033898,59.0
travel_llama,0.95,,,,,0.016666666666666607,1.0,0.9333333333333333,60.0,-0.01666666666666672,1.0,0.9666666666666667,60.0,-0.050000000000000044,0.25,1.0,60.0,0.016666666666666607,1.0,0.9333333333333333,60.0
travel_llama3_8b,1.0,,,,,0.0,1.0,1.0,60.0,0.01666666666666672,1.0,0.9833333333333333,60.0,0.0,1.0,1.0,60.0,0.01666666666666672,1.0,0.9833333333333333,60.0
travel_mistral7b,0.9833333333333333,,,,,0.0,1.0,0.9833333333333333,60.0,0.033333333333333326,0.625,0.95,60.0,-0.01666666666666672,1.0,1.0,60.0,0.016666666666666607,1.0,0.9666666666666667,60.0
travel_qwen7b,0.9833333333333333,,,,,0.06666666666666665,0.125,0.9166666666666666,60.0,0.08502824858757052,0.0625,0.8983050847457628,59.0,0.033333333333333326,0.625,0.95,60.0,0.04999999999999993,0.375,0.9333333333333333,60.0
alfworld_deepseek_v3,0.15789473684210525,,,,,0.07017543859649122,0.125,0.08771929824561403,57.0,0.032894736842105254,1.0,0.125,56.0,-0.5614035087719298,4.0745362639427185e-09,0.7192982456140351,57.0,0.03508771929824561,0.7744140625,0.12280701754385964,57.0
alfworld_gemini_flash,0.6833333333333333,,,,,0.3,4.00543212890625e-05,0.38333333333333336,60.0,0.3,0.00012111663818359375,0.38333333333333336,60.0,-0.23333333333333328,0.0001220703125,0.9166666666666666,60.0,0.23333333333333334,0.016124801710247997,0.45,60.0
alfworld_mistral_nemo,0.8333333333333334,,,,,0.25,0.000274658203125,0.5833333333333334,60.0,0.3666666666666667,4.76837158203125e-07,0.4666666666666667,60.0,0.25,0.000274658203125,0.5833333333333334,60.0,0.33333333333333337,0.00017999112606048584,0.5,60.0
alfworld_qwen_7b,0.6833333333333333,,,,,0.21666666666666667,0.0009765625,0.4666666666666667,60.0,0.25,0.000728607177734375,0.43333333333333335,60.0,-0.033333333333333326,0.803619384765625,0.7166666666666667,60.0,0.1333333333333333,0.13380050659179688,0.55,60.0
hotpotqa_deepseek_v3,0.85,,,,,0.016666666666666607,1.0,0.8333333333333334,60.0,0.48333333333333334,1.3085082173347473e-07,0.36666666666666664,60.0,-0.06666666666666665,0.125,0.9166666666666666,60.0,-0.01666666666666672,1.0,0.8666666666666667,60.0
hotpotqa_gemini_flash,0.6,,,,,0.1833333333333333,0.0009765625,0.4166666666666667,60.0,0.21666666666666662,0.002349853515625,0.38333333333333336,60.0,-0.1166666666666667,0.143463134765625,0.7166666666666667,60.0,0.14999999999999997,0.03515625,0.45,60.0
hotpotqa_mistral_nemo,0.8166666666666667,,,,,0.15000000000000002,0.00390625,0.6666666666666666,60.0,0.45,1.4901161193847656e-08,0.36666666666666664,60.0,-0.033333333333333326,0.75390625,0.85,60.0,0.15000000000000002,0.063568115234375,0.6666666666666666,60.0
hotpotqa_qwen_7b,0.75,,,,,0.19999999999999996,0.0078125,0.55,40.0,0.525,9.5367431640625e-07,0.225,40.0,0.09999999999999998,0.21875,0.65,40.0,0.275,0.00341796875,0.475,40.0
musique_deepseek_v3,0.9333333333333333,,,,,0.1166666666666667,0.015625,0.8166666666666667,60.0,0.6333333333333333,7.275957614183426e-12,0.3,60.0,0.050000000000000044,0.25,0.8833333333333333,60.0,0.08333333333333337,0.1796875,0.85,60.0
musique_gemini_flash,0.8333333333333334,,,,,0.33333333333333337,1.9073486328125e-06,0.5,60.0,0.32485875706214695,1.0967254638671875e-05,0.5084745762711864,59.0,-0.033333333333333326,0.803619384765625,0.8666666666666667,60.0,0.35000000000000003,9.5367431640625e-07,0.48333333333333334,60.0
musique_mistral_nemo,0.8833333333333333,,,,,0.09999999999999998,0.03125,0.7833333333333333,60.0,0.4333333333333333,8.67992639541626e-07,0.45,60.0,0.0,1.0,0.8833333333333333,60.0,0.11666666666666659,0.11846923828124999,0.7666666666666667,60.0
musique_qwen_7b,0.8135593220338984,,,,,0.24213075060532696,0.0001220703125,0.5714285714285714,56.0,0.4067796610169492,1.1920928955078125e-07,0.4067796610169492,59.0,0.10666277030976046,0.09228515625,0.7068965517241379,58.0,0.2542372881355933,0.002599477767944336,0.559322033898305,59.0
strategyqa_deepseek_v3,0.85,,,,,0.1333333333333333,0.0078125,0.7166666666666667,60.0,0.6666666666666666,1.8189894035458565e-12,0.18333333333333332,60.0,0.016666666666666607,1.0,0.8333333333333334,60.0,0.15000000000000002,0.03515625,0.7,60.0
strategyqa_gemini_flash,0.85,,,,,0.21666666666666667,0.000244140625,0.6333333333333333,60.0,0.29067796610169494,1.52587890625e-05,0.559322033898305,59.0,0.0,1.0,0.85,60.0,0.23333333333333328,0.0001220703125,0.6166666666666667,60.0
strategyqa_mistral_nemo,0.9666666666666667,,,,,0.08333333333333337,0.0625,0.8833333333333333,60.0,0.48333333333333334,3.725290298461914e-09,0.48333333333333334,60.0,0.033333333333333326,0.625,0.9333333333333333,60.0,0.1333333333333333,0.0078125,0.8333333333333334,60.0
strategyqa_qwen_7b,0.75,,,,,0.09999999999999998,0.03125,0.65,60.0,0.5603448275862069,4.656612873077393e-10,0.1896551724137931,58.0,0.01666666666666672,1.0,0.7333333333333333,60.0,0.1166666666666667,0.11846923828124999,0.6333333333333333,60.0
webshop_deepseek_v3,0.1206896551724138,,,,,0.017241379310344834,1.0,0.10344827586206896,58.0,0.0,1.0,0.1206896551724138,58.0,0.017241379310344834,1.0,0.10344827586206896,58.0,0.034482758620689655,0.7265625,0.08620689655172414,58.0
webshop_gemini_flash,0.31666666666666665,,,,,0.033333333333333326,0.5,0.2833333333333333,60.0,-0.016666666666666663,1.0,0.3333333333333333,60.0,-0.25,6.103515625e-05,0.5666666666666667,60.0,0.0,1.0,0.31666666666666665,60.0
webshop_mistral_nemo,0.16666666666666666,,,,,0.06666666666666665,0.125,0.1,60.0,0.08333333333333333,0.0625,0.08333333333333333,60.0,0.06666666666666665,0.125,0.1,60.0,-0.016666666666666663,1.0,0.18333333333333332,60.0
webshop_qwen_7b,0.2413793103448276,,,,,-0.017241379310344834,1.0,0.25862068965517243,58.0,0.03448275862068967,0.75390625,0.20689655172413793,58.0,-0.12068965517241378,0.09228515625,0.3620689655172414,58.0,0.1206896551724138,0.09228515625,0.1206896551724138,58.0
